id,name
A00001,THE SEHK OPTIONS CLEARING HOUSE LTD
A00002,CHINA SECURITIES DEPOSITORY AND CLEARING
A00003,CHINA SECURITIES DEPOSITORY AND CLEARING
A00004,CHINA SECURITIES DEPOSITORY AND CLEARING
A00005,CHINA SECURITIES DEPOSITORY AND CLEARING
A00006,CHINA SECURITIES DEPOSITORY AND CLEARING
A90003,CHINA SECURITIES DEPOSITORY AND CLEARING
A90004,CHINA SECURITIES DEPOSITORY AND CLEARING
B00001,CONCORD SECURITIES CO
B00008,D. J. INVESTMENT CO
B00013,NORMAN KONG & CO
B00026,GOLDEN SEA CO
B00029,HONG KONG SECURITIES CO
B00040,SOEN TAK CO
B00043,LUEN SING & CO
B00045,HUNG CHEONG SECURITIES CO
B00047,BOWIN INDUSTRIAL CO
B00048,T. W. CHEUNG & CO
B00054,CHU CHUNG TIN
B00055,TAT LEE SECURITIES CO
B00067,KUENTAI SECURITIES (KAM NGAN) CO
B00070,YAN YAN INVESTMENT CO
B00077,TRUTH & CO
B00081,KWONG HING CO
B00084,WAH SANG SECURITIES CO
B00089,HWA LAM CO
B00097,WINNING & CO
B00100,T. W. SABNANI & CO
B00105,TAFONWORTHY INVESTMENT CO
B00106,SO KWAN NANE & CO
B00110,WING ON SECURITIES CO
B00112,MAN LUNG CO
B00115,TUNG TAK & CO
B00116,LLOYD STOCKBROKERS & CO
B00126,FOREGROUND SECURITIES CO
B00127,POWER SECURITIES CO
B00128,KAM WAH SECURITIES CO
B00129,ZIAR & CO
B00135,WORLDWIDE SECURITIES CO
B00147,NORMAN & CO
B00162,FAT LEE CO
B00163,KO KUN STOCK CO
B00164,KO'S BROTHER (SECURITIES) CO
B00167,LAERTES SECURITIES CO
B00169,KWOK CHUNG CHUN SECURITIES CO
B00173,YING HO STOCK INVESTMENT CO
B00175,LAU & CO
B00180,LEE SIN CHAI & CO
B00181,SIU ON STOCK INVESTMENT CO
B00183,LEE YUE LIM SECURITIES CO
B00195,LING CO
B00198,WADER INVESTMENT CO
B00201,WEALTHY INVESTMENT CO
B00206,SUNRISE INVESTMENT CO
B00210,GOLDEN HILL INVESTMENT CO
B00212,ALEXANDRA STOCK CO
B00218,R. YU & CO
B00219,KA YUE INVESTMENT CO
B00223,YUEN HANG INVESTMENT CO
B00225,MAN YING & CO
B00228,HANG YUE SECURITIES CO
B00229,TUNG SHUN & CO
B00230,KIN FUNG STOCK CO
B00232,HOI SANG CO
B00233,UNICORN SECURITIES & CO
B00235,Y. F. CHAN & CO
B00244,KUO PO INVESTMENT CO
B00250,TRIPLE A & CO
B00257,SWIFT STOCK INVESTMENT CO
B00262,SZEHOPE & CO
B00272,EVERGREEN SECURITIES CO
B00275,CHENG YAM ON & CO
B00289,GENERAL STOCKS CO
B00293,AUDREY P. F. CHOW & CO
B00295,Y. C. CHOW & CO
B00303,ASIAN PACIFIC INVESTMENT CO
B00310,HEAD & SHOULDERS CO
B00318,HOP YICK STOCK CO
B00320,RAMON INVESTMENT CO
B00321,WINFIELD SECURITIES CO
B00322,YING WAH SECURITIES CO
B00326,LUCKY CO
B00335,HING LUNG CO
B00338,HUI KWAN KWONG & CO
B00340,WINSOME STOCK CO
B00343,H. K. HUNG INVESTMENT CO
B00344,TAI NING CO
B00345,K. S. KAM & CO
B00360,KWONG FOOK HONG
B00362,C. K. SECURITIES CO
B00371,NORTH SEA SECURITIES
B00375,TAI FUNG & CO
B00376,CLOVER SECURITIES CO
B00378,HOPE & CO
B00382,FORTUNATE & CO
B00390,LUEN KAM INVESTMENT CO
B00392,KAM LUEN CO
B00393,NAN LEE INVESTMENT CO
B00397,YAU CHEONG & CO
B00402,CHAMPION & CO
B00403,GOLD FUND SECURITIES CO
B00408,MAINLAND SECURITIES CO
B00413,ON HING SECURITIES CO
B00418,MAN HON YEUNG & CO
B00419,WELFORM INVESTORS CO
B00422,TIM PO SECURITIES CO
B00424,TUNG WUI SECURITIES CO
B00444,TAK HING & CO
B00450,SOO PEI SHAO & CO
B00451,SOO PUI CHEN & CO
B00452,HO CHONG & CO
B00454,FU WAH & CO
B00456,WAI MAN STOCK & SHARES CO
B00457,CHEUNG ON & CO
B00461,TANG PING KONG & CO
B00465,BONANZA SECURITIES CO
B00466,TO HOI HUNG CO
B00470,KAN FUNG INVESTMENT CO
B00472,ONWARD SECURITIES CO
B00473,WINLAND STOCK & SHARES CO
B00486,CHUNG LEE & CO
B00487,CHUNG HSIN & CO
B00489,ANDERSON WEN & CO
B00490,THE BRIGHT SECURITIES CO
B00494,WILBY INVESTMENT CO
B00499,HING WAI SECURITIES CO
B00502,PROSPEROUS INVESTMENT CO
B00508,HING SHING INVESTMENTS CO
B00534,SAN WAN YUAN & CO
B00539,UNION SECURITIES CO
B00545,CHAN & IU CO
B00566,NEW UNION SECURITIES CO
B00579,FREDDY CO
B00585,J. A. FU & CO
B00587,TANG KEE & CO
B00597,LUNE YICK & CO
B00598,KATHERINE IP & CO
B00601,VICTORY INVESTMENT CO
B00602,GOLDEN HARVEST STOCK INVESTMENT CO
B00605,CHONG SECURITIES CO
B00607,LAI PO HUNG & CO
B00609,SIU WING STOCKS & SHARES CO
B00610,WANG LEE CO (ADMINISTRATOR APPOINTED)
B00620,TAI CHUEN SECURITIES CO
B00623,NATIONAL SECURITIES CO
B00636,Y. K. LI CO
B00642,ANNIE MA & CO
B00649,BENTLEY SECURITIES CO
B00659,TRANSPACIFIC SECURITIES CO
B00661,WAI FAT SECURITIES CO
B00663,HOP YICK & CO
B00665,KING WAI CO
B00670,CHUNG TAK & CO
B00676,CARRY ON SECURITIES CO
B00679,DOVER CO
B00682,WING TAK & CO
B00684,TAK ON SECURITIES CO
B00692,KWONG WAH INVESTMENT CO
B00694,CHAN NGOK MING & CO
B00695,ALPHA SECURITIES CO
B00702,JENNY & EDWARD CHEUNG SECURITIES CO
B00704,SEAGA INTERNATIONAL
B00716,FOOK TAI & CO
B00721,MAN WO INVESTMENT CO
B00723,CARRIER STOCK INVESTMENT CO
B00725,CHING YICK CO
B00732,YING KIT STOCK CO
B00736,Y. S. LAW & CO
B00741,BOLD WIN SECURITIES CO
B00742,LEES SECURITIES CO
B00746,SHUK KWUN & CO
B00749,THOMAS SECURITIES CO
B00752,LEGARLEON SECURITIES
B00765,EASTERN SECURITIES & CO
B00769,HOU TAK INVESTMENT CO
B00776,YICK FUNG SECURITIES & INVESTMENT CO
B00794,SHUI CHEUNG CO
B00795,EATON SECURITIES
B00797,INTERCONTINENT SECURITIES CO
B00799,WILLIAM KOO & CO
B00803,KAM KWONG CO
B00804,CHEONG LEE SECURITIES CO
B00807,WING CHEUNG HING INVESTMENT CO
B00813,VICTORY ENTERPRISES CO
B00816,JOLLY STOCK INVESTMENT CO
B00833,RESIDENTS SECURITIES CO
B00835,CHI HING CO
B00846,KEE CHEONG SECURITIES CO
B00850,MELBOURNE INVESTMENT CO
B00862,HUNG'S CO
B00866,SALISBURY SECURITIES
B00880,PING ON & CO
B00890,TAI FUNG HONG
B00902,MAN SHING CO
B00904,TAI HANG INVESTMENT CO
B00911,KILMOREY SECURITIES CO
B00932,JAMES CO
B00937,LUEN ON SECURITIES CO
B00947,GENTLE SECURITIES CO
B00951,NG WA YEE & CO
B00957,KOH'S INVESTMENT CO
B00965,HANTEC SECURITIES CO
B00976,STEPHIL SECURITIES CO
B00987,SABAH SECURITIES & INVESTMENT CO
B00988,LAWSONS SECURITIES CO
B01000,GOLDEN DRAGON SECURITIES CO
B01004,DASWANI TEK
B01007,BULLISH SECURITIES
B01011,TRADEMORE SECURITIES & INVESTMENT CO
B01015,KAM BO SECURITIES CO
B01024,HAMBURG SECURITIES CO
B01031,KELLY & CO
B01033,TOWN HANG SECURITIES CO
B01034,WING YIP CO
B01039,KWOK HING SECURITIES CO
B01040,GREAT HONOUR SECURITIES CO
B01045,SAI SHING SECURITIES CO
B01055,LO KIN FAI SECURITIES CO
B01068,TEIL STOCK INVESTMENT CO (ADMINISTRATORS
B01069,KAN FUNG SECURITIES CO
B01076,BARCLAYS CAPITAL SECURITIES ASIA LTD
B01077,MACQUARIE CAPITAL SECURITIES LTD
B01078,STANDARD CHARTERED SECURITIES
B01080,VMS SECURITIES LTD
B01081,TAI WAH & CO
B01084,S.G. WARBURG SECURITIES ASIA LTD
B01085,SALOMON SMITH BARNEY SECURITIES ASIA LTD
B01086,EVERBRIGHT SECURITIES INVESTMENT
B01087,TAI PO SECURITIES CO
B01088,CREDIT AGRICOLE INDOSUEZ CHEUVREUX
B01089,HSBC BROKING SECURITIES (HONG KONG) LTD
B01092,STAR SECURITIES CO
B01096,WARDLEY BROKERS LTD
B01099,KGI SEAPOWER SECURITIES LTD
B01100,VICKERS BALLAS HONG KONG SECURITIES LTD
B01103,SASSOON SECURITIES LTD
B01104,SMITH NEW COURT FAR EAST LTD
B01107,WAH CHEONG SECURITIES CO
B01108,HONOUR SECURITIES CO LTD
B01110,J.P. MORGAN BROKING (HONG KONG) LTD
B01112,DANNIS LEE & CO
B01114,YUANTA BROKERAGE CO LTD
B01115,SHENWAN HONGYUAN SECURITIES (H.K.) LTD
B01116,HONG KONG WAN KIU INVESTMENT CO
B01118,EAST ASIA SECURITIES CO LTD
B01119,CELESTIAL SECURITIES LTD
B01120,JS CRESVALE SECURITIES ASIA LTD
B01121,SG SECURITIES (HK) LTD
B01123,HING WONG SECURITIES LTD
B01124,CHEKIANG FIRST SECURITIES CO LTD
B01125,I & P SECURITIES LTD
B01127,REORIENT FINANCIAL MARKETS LTD
B01129,WOCOM SECURITIES LTD
B01130,BOCI SECURITIES LTD
B01131,COMMERCIAL INVESTMENT CO LTD
B01133,RBC INVESTMENT SERVICES (ASIA) LTD
B01135,UNITED WORLD SECURITIES (INTERNATIONAL)
B01137,CHOW SANG SANG SECURITIES LTD
B01138,CLSA LTD
B01140,MPI SECURITIES (ASIA) LTD
B01141,FE SECURITIES LTD
B01142,SHING ON SECURITIES LTD
B01143,HAITONG INTERNATIONAL SECURITIES CO LTD
B01144,TAK FUNG SHARES INVESTMENT CO LTD
B01146,GOLDENWAY SECURITIES CO
B01148,CHINA MERCHANTS SECURITIES (HK) CO LTD
B01149,ABN AMRO ASIA SECURITIES (HONG KONG) LTD
B01150,MTF SECURITIES LTD
B01152,YU ON SECURITIES CO LTD
B01156,CMB INTERNATIONAL GLOBAL MARKETS LTD
B01157,PASAY STOCK AND SHARES LTD
B01158,SOLID KING SECURITIES LTD
B01160,CHEONG WOON SECURITIES CO
B01161,UBS SECURITIES HONG KONG LTD
B01163,KA WING SECURITIES CO
B01166,KING FOOK SECURITIES CO LTD
B01168,GRAND SECURITIES CO
B01169,PUBLIC FINANCIAL SECURITIES LTD
B01170,PBI SECURITIES HONG KONG LTD
B01171,PROMISING SECURITIES CO
B01173,RIFA SECURITIES LTD
B01174,DBS VICKERS SECURITIES (HONG KONG)
B01175,F. R. ZIMMERN LTD
B01179,GRANSING SECURITIES & INVESTMENT CO
B01181,FOSUN HANI SECURITIES LTD
B01182,LUEN CHEUNG SHARES INVESTMENT CO
B01183,CHONG HING SECURITIES LTD
B01184,CHINA TONGHAI SECURITIES LTD
B01186,BOKHARY & CO
B01187,YARDLEY SECURITIES CO
B01190,MANY FAIR SECURITIES CO
B01191,OKACHI INVESTMENTS (HONG KONG) CO LTD
B01192,SEEKERS MARKETS LTD
B01193,UPBEST SECURITIES CO
B01194,GOOD HARVEST & CO
B01196,Y. C. FUNG & CO
B01197,H. K. HUNG & CO
B01198,PO KAY SECURITIES & SHARES CO LTD
B01199,HANG TUNG SECURITIES LTD
B01200,GREAT HONEST INVESTMENT CO LTD
B01203,HOP LEE STOCK CO
B01204,TISCO SECURITIES HONG KONG LTD
B01206,SELINA & CO
B01207,SHAREGAIN DEVELOPMENT LTD
B01209,MASON SECURITIES LTD
B01210,KONGSON SECURITIES LTD
B01212,HENYEP SECURITIES LTD
B01213,MALAHON SECURITIES LTD
B01217,TAIPING SECURITIES (HK) CO LTD
B01220,WING ON CHEONG SECURITIES CO LTD
B01221,LEE SHUN SECURITIES CO
B01224,MERRILL LYNCH FAR EAST LTD
B01226,CHARK FUNG SECURITIES CO
B01227,HOORAY SECURITIES LTD
B01228,CITIC SECURITIES BROKERAGE (HK) LTD
B01230,PACIFIC FOUNDATION SECURITIES LTD
B01231,HONG KONG INTERNATIONAL SECURITIES LTD
B01232,CHIEF INVESTMENT CO
B01233,FOOK TIN SECURITIES (1987) LTD
B01235,LEE ON TAT INVESTMENT LTD
B01236,LOLLIMAN SECURITIES LTD
B01238,TAI YIP STOCK CO LTD
B01239,NAVA SC SECURITIES LTD
B01240,TSUN CHI YUEN SECURITIES CO LTD
B01241,TUNLIN SECURITIES CO
B01243,TEN & TEN SECURITIES CO
B01245,AGINCOURT SECURITIES & CO
B01246,ROCTEC SECURITIES CO LTD
B01247,KWAI HUNG SECURITIES CO LTD
B01248,KWAN YICK SECURITIES (INTERNATIONAL) LTD
B01250,BILLION SECURITIES CO
B01251,CHUANGS & CO
B01252,CORPORATE BROKERS LTD
B01253,STOCKWELL SECURITIES LTD
B01254,LEE WAI & CO
B01256,SINOLINK SECURITIES (HONG KONG) CO LTD
B01257,HO FUNG SHARES INVESTMENT CO
B01258,CHINA POINT STOCK BROKERS LTD
B01259,FAIR EAGLE SECURITIES CO LTD
B01260,LAMTEX SECURITIES LTD
B01262,RICOFULL SECURITIES CO
B01264,MIB SECURITIES (HONG KONG) LTD
B01265,OCBC WING HANG SHARES BROKERAGE CO. LTD
B01266,PREMIER Q SECURITIES LTD
B01267,WINFULL SECURITIES LTD
B01270,LEE TAT & CO
B01271,HANG TAI SECURITIES LTD
B01272,FB SECURITIES (HONG KONG) LTD
B01273,WHOLE WIN SECURITIES CO
B01274,MORGAN STANLEY HONG KONG SECURITIES LTD
B01275,SANFULL SECURITIES LTD
B01276,LEHMAN BROTHERS SECURITIES ASIA LTD
B01277,BRADBURY SECURITIES LTD
B01279,THE BEST SECURITIES CO
B01280,WING FAT SECURITIES LTD
B01282,CHELSEA SECURITIES LTD
B01283,V SIX SECURITIES LTD
B01284,HANG SENG SECURITIES LTD
B01286,K L SECURITIES CO
B01287,PEREGRINE BROKERAGE LTD
B01288,BOND'S SECURITIES LTD
B01289,SOUTH CHINA SECURITIES LTD
B01290,SPS SECURITIES LTD
B01292,ALPHA SECURITIES CO LTD
B01294,CS WEALTH SECURITIES LTD
B01295,KARL THOMSON SECURITIES CO
B01296,MONTGOMERY SECURITIES LTD
B01297,ONSHINE SECURITIES LTD
B01298,GET NICE SECURITIES LTD
B01299,BNP PARIBAS SECURITIES (ASIA) LTD
B01300,OCBC SECURITIES (HONG KONG) LTD
B01301,PARIBAS ASIA EQUITY LTD
B01303,UPWORTH SECURITIES LTD
B01304,ANGLO CHINESE SECURITIES LTD
B01305,CHIA TAI SECURITIES LTD
B01307,CHELAC INVESTMENT CO
B01308,SOLOMON SECURITIES LTD
B01309,WO FUNG SECURITIES CO
B01310,TUNG TAK SECURITIES (H.K.) CO LTD
B01317,C.A. PACIFIC SECURITIES LTD
B01318,OKASAN INTERNATIONAL (ASIA) LTD
B01320,LUEN FAT SECURITIES CO LTD
B01321,WINTAKLY SECURITIES CO
B01322,INFAST BROKERAGE LTD
B01323,DEUTSCHE SECURITIES ASIA LTD
B01324,FUNDERSTONE SECURITIES LTD
B01325,MASTER SECURITIES & INVESTMENT CO
B01326,MORGAN FUEL GO SECURITIES LTD
B01328,BAN HIN SECURITIES CO LTD
B01329,BLOOMYEARS LTD
B01330,NOMURA SECURITIES (HK) LTD
B01331,WALCO SECURITIES CO
B01332,NEW GALA SECURITIES CO
B01335,PLASIA SECURITIES CO
B01337,TAI FAT SECURITIES CO
B01338,EMPEROR SECURITIES LTD
B01340,LEHIN SECURITIES LTD
B01341,TUNG TAI SECURITIES CO LTD
B01342,WAH THAI SECURITIES LTD
B01343,CELETIO INVESTMENTS LTD
B01344,DAIWA SECURITIES SMBC (ASIA) LTD
B01345,PHILLIP SECURITIES (HONG KONG) LTD
B01346,CHINA PACIFIC SECURITIES LTD
B01347,CGS-CIMB SECURITIES (HONG KONG) LTD
B01348,GRAND FORTUNE SECURITIES & INVESTMENT CO
B01349,GA LUNG SECURITIES CO
B01350,S. W. WOO & CO LTD
B01351,WING FUNG SECURITIES LTD
B01352,UNI-CROWN INVESTMENT LTD
B01353,UOB KAY HIAN (HONG KONG) LTD
B01355,CHINA EVERBRIGHT SECURITIES (HK) LTD
B01356,DELTA ASIA SECURITIES LTD
B01358,TANRICH SECURITIES CO
B01359,PAK LEE STOCK CO
B01360,SEAMICO MARLIN SECURITIES (H.K.) LTD
B01361,B.N.P. SECURITIES (HONG KONG) LTD
B01362,JOSPA INVESTMENT CO LTD
B01364,STANDARD CAPITAL BROKERAGE LTD
B01365,THE NIKKO SECURITIES CO (HONG KONG) LTD
B01366,UBS SECURITIES (HONG KONG) LTD
B01367,EVERLIGHT SHARES CO
B01368,CORRINGTON SECURITIES & INVESTMENT LTD
B01369,MAXGAIN INVESTMENT LTD
B01370,WINSON SECURITIES LTD
B01372,FIRST WORLDSEC SECURITIES LTD
B01373,CHRISTFUND SECURITIES LTD
B01374,PO LEE SECURITIES LTD
B01375,AVEREST CAPITAL LTD
B01376,PUBLIC SECURITIES LTD
B01377,WAI KEUNG SECURITIES CO
B01379,GOLDEN FOUNTAIN SECURITIES CO
B01380,HING LEE SECURITIES CO
B01381,ALLIED PROFIT SECURITIES CO
B01382,CHINA-HK INTERNATIONAL SECURITIES LTD
B01383,RICH PLEASURE SECURITIES LTD
B01384,ORIENTAL STOCKS & SHARES (INVESTMENT) CO
B01385,FAIRWIN BROKING LTD
B01386,SBI CHINA CAPITAL FINANCIAL SERVICES LTD
B01387,LUEN HING SECURITIES LTD
B01388,MANSON HONG KONG LTD
B01389,ZHONGRONG PT SECURITIES LTD
B01390,CLARION CAPITAL ASIA LTD
B01391,KAY YUE SECURITIES CO LTD
B01392,TAIFAIR SECURITIES LTD
B01393,CHINA NONFERROUS METALS SECURITIES CO
B01395,SIX SIGMA BROKERAGE LTD
B01396,REALIGHT INVESTMENT LTD
B01397,BALI SECURITIES CO LTD
B01398,TAI SHING STOCK INVESTMENT CO
B01399,JIN LOONG SECURITIES CO LTD
B01400,GLOBAL CREDIT SECURITIES LTD
B01401,MEGABASE SECURITIES LTD
B01402,PHOENIX CAPITAL SECURITIES LTD
B01403,QUEST STOCKBROKERS (HK) LTD
B01404,HONG KONG STOCK LINK SECURITIES LTD
B01405,ETRADE SECURITIES LTD
B01406,CHINA SECURITIES HOLDINGS LTD
B01407,WIN WONG SECURITIES LTD
B01408,PACIFIC RIM SECURITIES
B01409,DRESDNER KLEINWORT WASSERSTEIN
B01410,WINGS SECURITIES (HK) LTD
B01411,WING YEE CO
B01412,RANK GLORY INVESTMENT LTD
B01413,CORE PACIFIC - YAMAICHI INTERNATIONAL
B01414,EVERHOT SECURITIES LTD
B01415,TARZAN STOCK & SHARES LTD
B01416,VC BROKERAGE LTD
B01417,CHEE TAK SECURITIES LTD
B01418,EVER-LONG SECURITIES CO
B01419,UNICO SECURITIES LTD
B01420,A ONE INVESTMENT CO LTD
B01421,ONEPLATFORM SECURITIES LTD
B01423,PRUDENTIAL BROKERAGE LTD
B01424,INTERCHINA SECURITIES LTD
B01425,WELLFULL SECURITIES CO LTD
B01426,YEE FAT SECURITIES CO LTD
B01427,SINCERE SECURITIES LTD
B01428,HIP HING SECURITIES LTD
B01429,NEW JAPAN SECURITIES INTERNATIONAL
B01430,CITIGROUP GLOBAL MARKETS ASIA LTD
B01431,YUE SHING SECURITIES CO LTD
B01432,GRAND GENERALE SECURITIES LTD
B01433,HING WAI ALLIED SECURITIES LTD
B01434,BEEVEST SECURITIES LTD
B01435,JOLLY FIRST CAPITAL LTD
B01436,MANBLE SECURITIES LTD
B01437,SINO CAPITAL SECURITIES LTD
B01438,KINGSTON SECURITIES LTD
B01439,TAI TAK SECURITIES (ASIA) LTD
B01440,HOU TAK SECURITIES LTD
B01441,M & A SECURITIES (HK) LTD
B01442,CENTURY CITY SECURITIES LTD
B01443,YING WAH SECURITIES CO LTD
B01444,BAILI SECURITIES CO LTD
B01445,VICTORY SECURITIES CO LTD
B01446,FORLUXE SECURITIES CO
B01447,WONDERLAND INTERNATIONAL SECURITIES LTD
B01448,SOEN TAK SECURITIES CO LTD
B01449,TARTAN SECURITIES (ASIA) LTD
B01450,DL BROKERAGE LTD
B01451,GOLDMAN SACHS (ASIA) SECURITIES LTD
B01452,GRAND FORTUNE SECURITIES & INVESTMENT CO
B01453,INSTINET ALPHA TRADING LTD
B01454,HAO TIAN INTERNATIONAL SECURITIES LTD
B01455,NATIONAL RESOURCES SECURITIES LTD
B01456,FOREGROUND SECURITIES CO LTD
B01457,MARS SECURITIES CO LTD
B01458,YICKO SECURITIES LTD
B01459,IFAST SECURITIES (HK) LTD
B01460,BERICH BROKERAGE LTD
B01461,BILLION SECURITIES CO LTD
B01462,PING AN SECURITIES LTD
B01463,KGI WEALTH MANAGEMENT LTD
B01464,PIPER JAFFRAY ASIA SECURITIES LTD
B01465,FULL SPEED SECURITIES CO LTD
B01466,MATRIX SECURITIES LTD
B01467,STAR SECURITIES LTD
B01468,BRIGHT SMART SECURITIES CO LTD
B01469,KAISER SECURITIES LTD
B01470,HUNG SING SECURITIES LTD
B01471,GREAT BAY SECURITIES LTD
B01472,SUN GROWTH SECURITIES LTD
B01473,SUNNY WORLD INVESTMENT LTD
B01474,VICTORFIELD SECURITIES LTD
B01475,WING SANG SECURITIES CO LTD
B01476,GOLD TRIUMPH INVESTMENT LTD
B01477,FT SECURITIES LTD
B01478,GOLDBRIDGE SECURITIES LTD
B01479,SEG INTERNATIONAL SECURITIES (H.K.) LTD
B01480,KEPPEL SECURITIES HONG KONG LTD
B01481,NEW REGION SECURITIES CO LTD
B01482,RICH SECURITIES LTD
B01483,BULLISH SECURITIES LTD
B01484,HARVESTER (SECURITIES) CO LTD
B01485,WING YIP CO LTD (IN LIQUIDATION)
B01486,ASG BROKERAGE LTD
B01487,CHINA RENAISSANCE BROKING SERVICES (HONG
B01488,KOWLOON DEVELOPMENT K. F. LO SECURITIES
B01489,GRAND CARTEL SECURITIES CO LTD
B01490,HSBC SECURITIES BROKERS (ASIA) LTD
B01491,CREDIT SUISSE SECURITIES (HONG KONG) LTD
B01492,KAM WAH SECURITIES LTD
B01493,YARDLEY SECURITIES LTD
B01494,AUDREY CHOW SECURITIES LTD
B01495,CORE PACIFIC SECURITIES INTERNATIONAL
B01496,LIBRA ASIA SECURITIES LTD
B01497,SINOPAC SECURITIES (ASIA) LTD
B01498,YAN YAN INVESTMENT LTD
B01499,HLG SECURITIES (HK) LTD
B01500,D.J. SECURITIES LTD
B01501,GOLDRIDE SECURITIES LTD
B01502,NEW UNIVERSE SECURITIES (HK) LTD
B01503,GOLD CENTRE INVESTMENT CO
B01504,J.P. MORGAN SECURITIES HONG KONG LTD
B01505,SHACOM SECURITIES LTD
B01506,BEAR STEARNS ASIA LTD
B01507,CHENG YAM ON SECURITIES LTD
B01508,SOUTHWEST SECURITIES (HK) BROKERAGE LTD
B01509,UNICORN SECURITIES CO LTD
B01510,ORIENTAL PATRON SECURITIES LTD
B01511,TAT LEE SECURITIES CO LTD
B01512,CLOVER SECURITIES CO LTD (IN MEMBERS'
B01513,CONCORD SECURITIES CO LTD
B01514,KARL-THOMSON SECURITIES CO LTD
B01515,KOKUSAI SECURITIES (HONG KONG) LTD
B01516,SHANGHAI SHENYIN SECURITIES (H. K.) LTD
B01517,WEI XIN SECURITIES LTD
B01518,GINY SECURITIES CO
B01519,GOOD HARVEST SECURITIES CO LTD
B01520,NORTH SEA SECURITIES LTD
B01521,CHAN NGOK MING SECURITIES LTD
B01522,CHUANGS & CO LTD
B01523,EVER-LONG SECURITIES CO LTD
B01524,GOLDEN HILL INVESTMENT CO LTD
B01525,KEE CHEONG SECURITIES CO LTD
B01526,SIU FAI SECURITIES CO LTD
B01527,NITTAN SECURITIES ASIA LTD
B01528,EAA SECURITIES LTD
B01529,HK KOWLOON FIRST SECURITIES CO LTD
B01530,FULLJET SECURITIES LTD
B01531,LAU & CO LTD
B01532,MAN LUNG HONG SECURITIES LTD
B01534,POWER RANGE SECURITIES CO LTD
B01535,WING YEE SECURITIES CO LTD
B01537,AMSTEEL SECURITIES (H.K.) LTD
B01538,MORTON SECURITIES LTD
B01539,FORDJOY SECURITIES LTD
B01540,UPBEST SECURITIES CO LTD
B01541,BRILLIANT SECURITIES LTD
B01542,GRAND ONWARD SECURITIES LTD
B01543,KWONG FAT HONG (SECURITIES) LTD
B01544,IPO SECURITIES LTD
B01545,TUNG SHING SECURITIES (BROKERS) LTD
B01546,WO FUNG SECURITIES CO LTD
B01547,KWOK HING SECURITIES LTD
B01548,LEE WAI SECURITIES LTD
B01549,PROSPEROUS SECURITIES LTD
B01550,HUAYU SECURITIES LTD
B01551,YUE XIU SECURITIES CO LTD
B01552,CARRIER STOCK INVESTMENT CO LTD
B01553,GRAND SECURITIES CO LTD
B01554,MACQUARIE EQUITIES (ASIA) LTD
B01555,ABN AMRO CLEARING HONG KONG LTD
B01556,LUK FOOK SECURITIES (HK) LTD
B01557,CHU CHUNG TIN SECURITIES LTD
B01558,GOLD FUND SECURITIES CO LTD
B01559,HING LEE SECURITIES LTD
B01562,C.A. INTERNATIONAL SECURITIES LTD
B01563,HUARONG INTERNATIONAL SECURITIES LTD
B01564,ABCI SECURITIES CO LTD
B01565,GUOTAI JUNAN SECURITIES (HONG KONG) LTD
B01566,K.K.M. SECURITIES LTD
B01567,PRIME SECURITIES LTD
B01568,SHUN LOONG SECURITIES CO LTD
B01569,TANG PING KONG LTD
B01570,GOLDENWAY SECURITIES CO LTD
B01571,KARFORD SECURITIES LTD
B01572,ALEXANDRA STOCK CO LTD
B01573,TIM PO SECURITIES CO LTD
B01574,WADER SECURITIES CO LTD
B01575,MASTER TRADEMORE SECURITIES LTD
B01576,SIU ON SECURITIES LTD
B01577,YF SECURITIES CO LTD
B01579,ELSTONE SECURITIES LTD
B01580,OSHIDORI SECURITIES LTD
B01581,KINGSWAY FINANCIAL SERVICES GROUP LTD
B01582,THING ON SECURITIES LTD
B01583,RESIDENTS SECURITIES LTD
B01584,CHIEF SECURITIES LTD
B01585,SINO GRADE SECURITIES LTD
B01586,WHOLE WIN SECURITIES LTD
B01587,T.Z. & W.Y. CHEUNG STOCKS LTD
B01588,LEI SHING HONG SECURITIES LTD
B01589,OUB SECURITIES (H.K.) LTD
B01590,INTERACTIVE BROKERS HONG KONG LTD
B01591,BRIGHTON SECURITIES (HONG KONG) LTD
B01592,PLATINUM BROKING CO LTD
B01593,DAI-ICHI SECURITIES PACIFIC LTD
B01594,HOENIG (FAR EAST) LTD
B01595,HUNG BROTHERS LTD
B01596,LG SECURITIES (H.K.) LTD
B01597,TIMES SECURITIES CO LTD
B01598,AMMB SECURITIES (H.K.) LTD
B01599,POLARIS SECURITIES (HONG KONG) LTD
B01600,THOMAS GLOBAL FINANCIAL SERVICES LTD
B01601,CSC SECURITIES (HK) LTD
B01602,FORLUXE SECURITIES LTD
B01603,KOFFMAN SECURITIES LTD
B01604,HUABANG SECURITIES LTD
B01605,ESSENCE INTERNATIONAL FINANCIAL HOLDINGS
B01606,EWARTON SECURITIES LTD
B01607,RHB SECURITIES HONG KONG LTD
B01608,TC CONCORD SECURITIES LTD
B01609,WILBY SECURITIES LTD
B01610,KGI ASIA LTD
B01611,CAPITAL FRIEND SECURITIES LTD
B01612,CU SECURITIES LTD
B01613,GOLDEN LIGHT SECURITIES LTD
B01614,CHINA HONG KONG CAPITAL ASSET MANAGEMENT
B01615,KAM FAI SECURITIES CO LTD
B01616,PACIFIC PEARL SECURITIES LTD
B01618,MAN WO INVESTMENT CO LTD
B01619,TUNG WUI SECURITIES CO LTD
B01620,VICTORY ENTERPRISES (INVESTMENT) LTD
B01621,TOWN HANG SECURITIES CO LTD
B01622,CHARK FUNG SECURITIES CO LTD
B01623,TAI FUNG KUENTAI SECURITIES CO LTD
B01624,CHINA GUARD INVESTMENTS LTD
B01625,METRO CAPITAL SECURITIES LTD
B01626,ONG ASIA SECURITIES (HK) LTD
B01627,CSFG INTERNATIONAL SECURITIES LTD
B01628,GREAT HONOUR SECURITIES LTD
B01629,WALCO SECURITIES LTD
B01630,ANLI SECURITIES LTD
B01631,PLANETREE SECURITIES LTD
B01632,WAI FAT SECURITIES LTD
B01633,ENLIGHTEN SECURITIES LTD
B01634,LLOYD SECURITIES CO LTD
B01635,TAI WAH SECURITIES LTD
B01636,BUSINESS SECURITIES LTD
B01637,COMPASS SECURITIES LTD
B01638,KILMOREY SECURITIES LTD
B01640,BEIJING SECURITIES LTD
B01641,FULL WIN SECURITIES LTD
B01642,KMT SECURITIES LTD
B01643,LAI PO HUNG & CO LTD
B01644,Y. F. CHAN SECURITIES LTD
B01645,SELINA & CO LTD
B01646,TAI NING STOCK CO LTD
B01647,TRUTH SECURITIES LTD
B01648,STELLAR SECURITIES LTD
B01649,CINDA INTERNATIONAL SECURITIES LTD
B01650,KAM LUEN SECURITIES LTD
B01651,MING HON SECURITIES LTD
B01652,TIS SECURITIES (HK) LTD
B01653,WAI MAN STOCK & SHARES CO LTD
B01654,CHINA INTERNATIONAL CAPITAL CORPORATION
B01655,SANTANDER INVESTMENT SECURITIES (HK) LTD
B01656,DASHIN SECURITIES LTD
B01657,JS CRESVALE SECURITIES INTERNATIONAL LTD
B01658,DRAKE & MORGAN LTD
B01659,CHEER UNION SECURITIES LTD
B01660,GRANSING SECURITIES CO LTD
B01661,HERMES SECURITIES LTD
B01662,BOKHARY SECURITIES LTD
B01663,"DONALDSON, LUFKIN & JENRETTE ASIA"
B01664,ROOFER SECURITIES LTD
B01665,WINSOME STOCK CO LTD
B01666,GLORY SUN SECURITIES LTD
B01667,WIN SUCCESSFUL SECURITIES LTD
B01668,BRIGHT SMART SECURITIES INTERNATIONAL
B01669,FIRST SECURITIES (HK) LTD
B01670,BAOQIAO PARTNERS SECURITIES (HK) LTD
B01671,AEVITAS SECURITIES LTD
B01672,WORLDWIDE BROKERAGE LTD
B01673,FULBRIGHT SECURITIES LTD
B01674,HONGKONG BAY SECURITIES LTD
B01675,T. W. SABNANI SECURITIES LTD
B01676,TAI SHING STOCK INVESTMENT CO LTD
B01677,ANUENUE SECURITIES LTD
B01678,GLS SECURITIES LTD
B01679,TAI FUNG SECURITIES LTD
B01680,SUCCESS SECURITIES LTD
B01681,BOCOM INTERNATIONAL HOLDINGS CO LTD
B01682,RAMON INVESTMENT CO
B01683,DBS TD WATERHOUSE SECURITIES (HONG KONG)
B01684,WING ON SECURITIES LTD
B01685,EVERGRANDE SECURITIES (HONG KONG) LTD
B01686,FIRST SHANGHAI SECURITIES LTD
B01687,CHARLES SCHWAB HONG KONG SECURITIES LTD
B01688,CHUN HUNG SECURITIES LTD
B01689,EUREKA SECURITIES LTD
B01690,FIRST SIGN SECURITIES LTD
B01691,GREATER CHINA SECURITIES LTD
B01692,SMBC NIKKO SECURITIES (HONG KONG) LTD
B01693,UOB KAY HIAN OVERSEAS LTD
B01694,POWER SECURITIES CO LTD
B01695,DAH SING SECURITIES LTD
B01696,HANTEC SECURITIES CO LTD
B01697,JS SECURITIES LTD
B01698,LUEN SING SECURITIES LTD
B01699,MASTERLINK SECURITIES (HONG KONG)
B01700,REALINK FINANCIAL TRADE LTD
B01701,SHUI CHEUNG SECURITIES LTD
B01702,BLACK MARBLE SECURITIES LTD
B01703,CROWN RICH SECURITIES (H.K.) LTD
B01704,JVSAKK ASIA LTD
B01705,HENIK SECURITIES LTD
B01706,MAN HON YEUNG SECURITIES LTD
B01707,PAK LEE STOCK CO LTD
B01708,ROSA SECURITIES LTD
B01709,RPS INVESTMENT LTD
B01710,SINO-RICH SECURITIES & FUTURES LTD
B01711,UNI-ALPHA SECURITIES LTD
B01712,WAH SANG SECURITIES LTD
B01713,TRUSTFUL SECURITIES LTD
B01714,HEAD & SHOULDERS SECURITIES LTD
B01715,PRESIDENT SECURITIES (HONG KONG) LTD
B01716,ORIENT SECURITIES LTD
B01717,GOLDIN EQUITIES LTD
B01718,WILLIAMS SECURITIES LTD
B01719,LING SECURITIES LTD
B01720,NORMAN KONG SECURITIES CO LTD
B01721,HUA NAN SECURITIES (HK) LTD
B01722,CTW SECURITIES LTD
B01723,KAM BO SECURITIES CO LTD
B01724,RAMON INVESTMENT CO LTD
B01725,GT CAPITAL LTD
B01726,C.P. SECURITIES INTERNATIONAL LTD
B01727,ICBC (ASIA) SECURITIES LTD
B01728,AJ SECURITIES LTD
B01729,JOINCAP SECURITIES LTD
B01730,CCB SECURITIES LTD
B01731,SHUN HENG SECURITIES LTD
B01732,WINTECH SECURITIES LTD
B01733,GRAND CATHAY SECURITIES (HONG KONG) LTD
B01734,KCG SECURITIES ASIA LTD
B01735,SUPERFUND FINANCIAL (HONG KONG) LTD
B01736,TIFFIT SECURITIES (HONG KONG) LTD
B01737,DAIWA CAPITAL MARKETS TRADING HONG KONG
B01738,CES CAPITAL INTERNATIONAL (HONG KONG) CO
B01739,CHUNG LEE SECURITIES CO LTD
B01740,WIN SECURITIES LTD
B01741,SINOMAX SECURITIES LTD
B01742,WORLDTOP SECURITIES LTD
B01743,CEPA ALLIANCE SECURITIES LTD
B01744,YICK FUNG SECURITIES & INVESTMENT CO LTD
B01745,EVERGREEN SECURITIES LTD
B01746,ITG HONG KONG LTD
B01747,MERDEKA SECURITIES LTD
B01748,COL SECURITIES (HK) LTD
B01749,TANG KEE SECURITIES LTD
B01750,POLARIS CAPITAL (ASIA) LTD
B01751,IMAGI BROKERAGE LTD
B01752,HOI SANG SECURITIES LTD
B01753,FORTUNE (HK) SECURITIES LTD
B01754,SINOFORTUNE SECURITIES LTD
B01755,T G SECURITIES LTD
B01756,CHINA SKY SECURITIES LTD
B01757,WING TAK SECURITIES LTD
B01758,CHINA RESERVE SECURITIES LTD
B01759,WINLAND WEALTH MANAGEMENT LTD
B01760,FUHWA SECURITIES (HONG KONG) CO LTD
B01761,KO'S BROTHER SECURITIES CO LTD
B01762,DBS VICKERS (HONG KONG) LTD
B01763,1SPREAD BROKERAGE LTD
B01764,DBS VICKERS SECURITIES ONLINE (HK) LTD
B01765,PROMISING SECURITIES CO LTD
B01766,MUSHK LTD
B01767,NEW GALA SECURITIES CO LTD
B01768,WINTONE SECURITIES LTD
B01769,ONE CHINA SECURITIES LTD
B01770,TOKAI TOKYO SECURITIES (ASIA) LTD
B01771,CVP SECURITIES LTD
B01772,TENSANT SECURITIES LTD
B01773,TOYO SECURITIES ASIA LTD
B01774,CANTOR FITZGERALD (HONG KONG) CAPITAL
B01775,CREDIT AGRICOLE SECURITIES (ASIA) LTD
B01776,AIF SECURITIES LTD
B01777,DAIWA CAPITAL MARKETS HONG KONG LTD
B01778,UNITED WORLD ONLINE LTD
B01779,LEE'S SECURITIES CO LTD
B01780,TUNG SHUN SECURITIES LTD
B01781,BARCLAYS CAPITAL ASIA LTD
B01782,SEAGA INTERNATIONAL LTD
B01783,FREDDY CO LTD
B01784,FU YIP SECURITIES AND INVESTMENT CO LTD
B01785,PARTNERS CAPITAL SECURITIES LTD
B01786,KO KUN STOCK CO LTD
B01787,SOO PUI CHEN SECURITIES LTD
B01788,SUNRISE SECURITIES LTD
B01789,HO FUNG SHARES INVESTMENT LTD
B01790,YIELDFUL SECURITIES LTD
B01791,MAINLAND SECURITIES LTD
B01792,HONG KONG WAN KIU INVESTMENT CO LTD
B01793,ASIA PACIFIC CAPITAL SECURITIES LTD
B01794,INTERCONTINENT SECURITIES CO LTD
B01795,RAFFAELLO SECURITIES (HK) LTD
B01796,SOO PEI SHAO & CO LTD
B01797,SZEHOPE SECURITIES CO LTD
B01798,WINNING SECURITIES CO LTD
B01799,THE BRIGHT SECURITIES LTD
B01800,SUN CAPITAL SECURITIES LTD
B01801,KIN FUNG STOCK CO LTD
B01802,REDFORD SECURITIES LTD
B01803,RICH BAY SECURITIES LTD
B01805,SALISBURY SECURITIES LTD
B01806,CHINA GATHER WEALTH FINANCIAL CO LTD
B01807,NEWEDGE BROKER LTD
B01808,SHINKO SECURITIES (H.K.) LTD
B01809,CHINA SYSTEM SECURITIES LTD
B01810,ASTRUM CAPITAL MANAGEMENT LTD
B01811,3V CAPITAL LTD
B01812,MF GLOBAL SECURITIES HK LTD
B01813,CCB INTERNATIONAL SECURITIES LTD
B01814,WELL LINK SECURITIES LTD
B01815,T & F EQUITIES LTD
B01816,CHEONG LEE SECURITIES LTD
B01817,EXECUTION NOBLE (HONG KONG) LTD
B01818,I-ACCESS INVESTORS LTD
B01819,M SECURITIES LTD
B01820,CMB INTERNATIONAL CAPITAL CORPORATION
B01821,CHINA FINANCE KAB LTD
B01823,ANGLO CHINESE SECURITIES LTD
B01824,INSTINET PACIFIC LTD
B01825,GUOYUAN SECURITIES BROKERAGE (HONG KONG)
B01826,GF SECURITIES (HONG KONG) BROKERAGE LTD
B01827,IBTS ASIA (HK) LTD
B01828,IMC ASIA PACIFIC LTD
B01829,HUATAI FINANCIAL HOLDINGS (HONG KONG)
B01830,MIRAE ASSET SECURITIES (HK) LTD
B01831,NERICO BROTHERS LTD
B01832,MIZUHO SECURITIES ASIA LTD
B01833,CTBC ASIA LTD
B01834,ECLIPSE OPTIONS (HK) LTD
B01835,STANDARD SECURITIES ASIA LTD
B01836,TIBRA TRADING HONG KONG LTD
B01837,ETRADE SECURITIES (HONG KONG) LTD
B01838,SHENYIN WANGUO ONLINE BROKER (H.K.) LTD
B01839,RABO BROKERAGE HK LTD
B01840,LIQUIDNET ASIA LTD
B01841,LA (GLOBAL) SINOMIX SECURITIES LTD
B01842,BOCOM INTERNATIONAL SECURITIES LTD
B01843,TELECOM KING SECURITIES LTD
B01844,NATIXIS ASIA LTD
B01845,MF GLOBAL HONG KONG LTD
B01846,TISCO GLOBAL SECURITIES LTD
B01848,CATHAY SECURITIES (HONG KONG) LTD
B01849,CIS SECURITIES ASSET MANAGEMENT LTD
B01850,HAI TONG SECURITIES (HK) BROKERAGE LTD
B01851,RICHE BRIGHT SECURITIES LTD
B01852,ARTA GLOBAL MARKETS LTD
B01853,CMBC SECURITIES CO LTD
B01854,MAINFIRST SECURITIES HONG KONG LTD
B01855,VISION FINANCE (SECURITIES) LTD
B01856,FINET SECURITIES LTD
B01857,KAISA FINANCIAL GROUP CO LTD
B01858,YUANTA SECURITIES (HONG KONG) CO LTD
B01859,CLC SECURITIES LTD
B01860,KVB KUNLUN SECURITIES (HK) LTD
B01861,CHI CAPITAL SECURITIES LTD
B01862,ORIENTAL WEALTH SECURITIES LTD
B01863,CAPITEC SECURITIES LTD
B01866,ICBC INTERNATIONAL SECURITIES LTD
B01867,STARLING GROUP SECURITIES LTD
B01868,JIMEI SECURITIES LTD
B01869,SYNERWEALTH FINANCIAL LTD
B01870,TOTAL SECURITIES (HK) LTD
B01871,NEWEDGE FINANCIAL HONG KONG LTD
B01874,BTIG HONG KONG LTD
B01875,GUODU SECURITIES (HONG KONG) LTD
B01876,WATERLAND SECURITIES (HK) CO LTD
B01880,NORTH BETA INTERNATIONAL SECURITIES LTD
B01882,PING AN OF CHINA SECURITIES (HONG KONG)
B01883,CHINA RISE SECURITIES ASSET MANAGEMENT
B01884,HONG KONG SECURITIES (INTERNATIONAL)
B01885,HAFOO SECURITIES LTD
B01886,CNI SECURITIES GROUP LTD
B01887,CHINA JIANXIN FINANCIAL SERVICES LTD
B01890,GUOSEN SECURITIES (HK) BROKERAGE CO LTD
B01891,FUTURE GROWTH FINANCIAL SERVICES LTD
B01893,WINCO SECURITIES CO LTD
B01894,MAYFAIR & AYERS FINANCIAL GROUP LTD
B01895,MARIGOLD INTERNATIONAL SECURITIES LTD
B01897,CENTRAL WEALTH SECURITIES INVESTMENT LTD
B01899,SANSTON FINANCIAL GROUP LTD
B01900,ORIENT SECURITIES (HONG KONG) LTD
B01901,CMB INTERNATIONAL SECURITIES LTD
B01903,PICO ZEMAN SECURITIES (HK) LTD
B01904,VALUABLE CAPITAL LTD
B01905,ESSENCE INTERNATIONAL SECURITIES
B01906,IMPERIUM INTERNATIONAL SECURITIES LTD
B01907,CHINA DEMETER SECURITIES LTD
B01908,ASA SECURITIES LTD
B01909,SHENG YUAN SECURITIES LTD
B01910,ALPHA INTERNATIONAL SECURITIES (HONG
B01911,MUFG SECURITIES ASIA LTD
B01912,THE CORE SECURITIES COMPANY LTD
B01913,CHINAWIDE SECURITIES LTD
B01914,JEFFERIES HONG KONG LTD
B01915,METAVERSE SECURITIES LTD
B01916,AMBITION SECURITIES CO. LTD
B01917,CHINA TIMES SECURITIES LTD
B01918,REALORD ASIA PACIFIC SECURITIES LTD
B01919,TIGER SECURITIES ASSET MANAGEMENT CO LTD
B01920,TIANDA SECURITIES LTD
B01921,GONG PING SECURITIES LTD
B01922,SUN SECURITIES LTD
B01923,EASY SECURITIES LTD
B01924,LT SECURITIES LTD
B01925,BMI SECURITIES LTD
B01926,BIG BAY SECURITIES (HK) LTD
B01927,KINGKEY SECURITIES GROUP LTD
B01928,ENHANCED SECURITIES LTD
B01929,CHINA GALAXY INTERNATIONAL SECURITIES
B01930,PRIME COURAGE SECURITIES CO LTD
B01933,BRILLIANT NORTON SECURITIES CO LTD
B01934,SELECT INVESTMENT SERVICES LTD
B01935,MAGIC COMPASS SECURITIES LTD
B01936,MIGHTY BROKERAGE (ASIA) LTD
B01937,CHANGJIANG SECURITIES BROKERAGE (HK) LTD
B01938,CHINA INDUSTRIAL SECURITIES
B01939,SOOCHOW SECURITIES INTERNATIONAL
B01940,SOFI SECURITIES (HONG KONG) LTD
B01941,CENTALINE SECURITIES LTD
B01942,SINO WEALTH SECURITIES LTD
B01943,PO SANG SECURITIES LTD
B01945,INTEGRITY SECURITIES LTD
B01947,FUBON SECURITIES (HONG KONG) LTD
B01948,CAITONG INTERNATIONAL SECURITIES CO LTD
B01949,GRAND CHINA SECURITIES LTD
B01950,GLOBAL GROUP SECURITIES LTD
B01951,GENTING SECURITIES LTD
B01952,TRINITY SECURITIES CO LTD
B01955,FUTU SECURITIES INTERNATIONAL
B01957,PINESTONE SECURITIES LTD
B01958,TOPAZ FINANCIAL GROUP LTD
B01959,ZHONGTAI INTERNATIONAL SECURITIES LTD
B01960,ANZ SECURITIES (HK) LTD
B01961,NOMURA INTERNATIONAL (HONG KONG) LTD
B01962,CHINA SECURITIES (INTERNATIONAL)
B01963,TFI SECURITIES AND FUTURES LTD
B01964,HALCYON SECURITIES LTD
B01965,HK NOBLE SKY TREASURE SECURITIES LTD
B01967,YUNFENG SECURITIES LTD
B01968,AYERS ALLIANCE SECURITIES (HK) LTD
B01969,CHINA VERED SECURITIES LTD
B01970,YUE KUN RESEARCH LTD
B01971,HGNH INTERNATIONAL SECURITIES CO LTD
B01972,RICHES DEPOT SECURITIES CO LTD
B01973,PC SECURITIES LTD
B01974,ARISTO SECURITIES LTD
B01975,SUPREME CHINA SECURITIES LTD
B01976,FRONTIER CAPITAL MANAGEMENT LTD
B01977,ZHONGCAI SECURITIES LTD
B01978,FOUNDER SECURITIES (HONG KONG) LTD
B01979,FORMAX SECURITIES LTD
B01980,SHANXI SECURITIES INTERNATIONAL LTD
B01981,BLUESTONE SECURITIES (HK) CO LTD
B01982,CENTRAL CHINA INTERNATIONAL SECURITIES
B01983,W. FALCON ASSET MANAGEMENT (ASIA) LTD
B01984,FORWIN SECURITIES GROUP LTD
B01985,ZHONGRONG INTERNATIONAL SECURITIES CO
B01986,HUAJIN SECURITIES (INTERNATIONAL) LTD
B01987,NINE RIVERS CAPITAL PARTNERS LTD
B01988,KOALA SECURITIES LTD
B01989,PRESTIGE SECURITIES LTD
B01990,GRANDLY FINANCIAL SERVICES LTD
B01991,HF SECURITIES AND FUTURES LTD
B01992,CHINA CIFCO SECURITIES CO LTD
B01993,CROSBY SECURITIES LTD
B01994,BONUS EVENTUS SECURITIES LTD
B01995,GARY CHENG SECURITIES LTD
B01996,CHINA RENAISSANCE SECURITIES (HONG KONG)
B01997,SUNCORP SECURITIES LTD
B01998,FIRST CAPITAL SECURITIES LTD
B01999,CF SECURITIES LTD
B02000,TIAN YUAN FINANCE LTD
B02001,CHINA PROSPECT SECURITIES LTD
B02002,SEAZEN RESOURCES SECURITIES LTD
B02003,DONGXING SECURITIES (HONG KONG) CO LTD
B02004,INNOVATION SECURITIES CO LTD
B02005,STI ASSET MANAGEMENT LTD
B02006,SP SECURITIES LTD
B02007,CHINA-HONG KONG LINK SECURITIES CO LTD
B02008,AMTD GLOBAL MARKETS LTD
B02009,GOLDEN RICH SECURITIES LTD
B02011,ZHONG YANG SECURITIES LTD
B02012,BOSC INTERNATIONAL CO LTD
B02013,ACU SECURITIES LTD
B02014,YUET SHEUNG INTERNATIONAL SECURITIES LTD
B02015,VISION CAPITAL INTERNATIONAL HOLDINGS
B02016,GOLDHORSE SECURITIES LTD
B02017,WILSON SECURITIES LTD
B02018,CORNERSTONE SECURITIES LTD
B02019,GEO SECURITIES LTD
B02020,WEALTH LINK SECURITIES LTD
B02021,HARVEST INTERNATIONAL SECURITIES CO LTD
B02022,CHAOSHANG SECURITIES LTD
B02023,DONGHAI INTERNATIONAL SECURITIES
B02024,NAN GUO INTERNATIONAL SECURITIES LTD
B02025,ASIA WEALTH SECURITIES LTD
B02026,PRIOR SECURITIES LTD
B02027,CRIC SECURITIES CO LTD
B02028,SORRENTO SECURITIES LTD
B02029,HONOR SECURITIES (HK) LTD
B02030,SR WEALTH SECURITIES LTD
B02031,GOLDLINK SECURITIES LTD
B02032,FORTHRIGHT SECURITIES CO LTD
B02033,SPDB INTERNATIONAL CAPITAL LTD
B02034,CHUENMAN SECURITIES LTD
B02035,PRIME CHINA SECURITIES LTD
B02036,DAKIN SECURITIES LTD
B02037,KAI YIN SECURITIES LTD
B02038,WEST BULL SECURITIES LTD
B02039,ZHONG JIA SECURITIES LTD
B02040,TRADEMASTER SECURITIES (HONG KONG) LTD
B02041,CNCB (HONG KONG) CAPITAL LTD
B02042,MONMONKEY GROUP SECURITIES LTD
B02043,LERTHAI SECURITIES (HONG KONG) LTD
B02044,FERRAN SECURITIES LTD
B02045,AAA SECURITIES CO. LTD
B02046,CHINA ZHONG HENG FINANCE GROUP LTD
B02047,EDDID SECURITIES AND FUTURES LTD
B02048,CHINA TRANSFER CAPITAL INVESTMENT LTD
B02049,PACIFIC INTERNATIONAL SECURITIES LTD
B02050,"QUASAR SECURITIES CO., LTD"
B02051,GRAND VIEW SECURITIES LTD
B02052,YUZHOU FINANCIAL HOLDINGS LTD
B02053,ORIGINAL GROUP SECURITIES LTD
B02054,BLUEMOUNT SECURITIES LTD
B02055,SUNFUND SECURITIES LTD
B02056,RUIBANG SECURITIES LTD
B02057,LEAD SECURITIES (HK) LTD
B02058,CONSTANCE CAPITAL LTD
B02059,MIDAS SECURITIES LTD
B02060,LEGO SECURITIES LTD
B02061,GRAND PARTNERS SECURITIES LTD
B02062,CHINA INTERNATIONAL SECURITIES LTD
B02063,BLACKWELL GLOBAL SECURITIES LTD
B02064,GALAXY TREASURE SECURITIES GROUP LTD
B02065,AMC WANHAI SECURITIES LTD
B02067,WELLINGTON FINANCIAL LTD
B02068,CANFIELD SECURITIES CO LTD
B02069,YUBO SECURITIES LTD
B02070,OPUS SECURITIES LTD
B02071,GCINT (HK) LTD
B02072,SBI E2-CAPITAL SECURITIES LTD
B02073,SOLOMON JFZ (ASIA) HOLDINGS LTD
B02074,FRUIT TREE SECURITIES LTD
B02075,INNOVAX SECURITIES LTD
B02076,SINOSTAR SECURITIES LTD
B02077,CONRAD INVESTMENT SERVICES LTD
B02078,AFFLUX SECURITIES LTD
B02079,WONDER FACE FUND MANAGEMENT CO LTD
B02080,FUTEC FINANCIAL LTD
B02081,FIRST FIDELITY CAPITAL (INTERNATIONAL)
B02082,YELLOW RIVER SECURITIES LTD
B02084,CHINA ON SECURITIES LTD
B02085,JOY RICH SECURITIES INVESTMENT LTD
B02086,"BG SECURITIES (HK) CO., LTD"
B02087,GLOBAL MASTERMIND SECURITIES LTD
B02088,CARLYON SECURITIES LTD
B02089,TONGFANG SECURITIES LTD
B02090,GEAR SECURITIES INVESTMENT LTD
B02091,RUIFENG SECURITIES LTD
B02092,I WIN SECURITIES LTD
B02093,UPMAX SECURITIES LTD
B02094,SPACE SECURITIES LTD
B02095,LION INTERNATIONAL SECURITIES GROUP LTD
B02096,AFG SECURITIES LTD
B02097,POLY WEALTH SECURITIES LTD
B02098,SP GLOBAL ACCESS LTD
B02099,DA INTERNATIONAL FINANCIAL SERVICE LTD
B02100,WEALTHY SECURITIES LTD
B02101,ACER KING SECURITIES INTERNATIONAL LTD
B02102,ZINVEST GLOBAL LTD
B02103,CEB INTERNATIONAL CAPITAL CORPORATION
B02104,MAGPIE SECURITIES LTD
B02105,VMI SECURITIES LTD
B02106,HOLLY INTERNATIONAL FINANCIAL HOLDINGS
B02107,MARKETSENSE SECURITIES LTD
B02108,WK SECURITIES LTD
B02109,PINETREE SECURITIES LTD
B02110,RED EAGLE SECURITIES LTD
B02111,TOPPER DRAGON SECURITIES LTD
B02112,CORE CAPITAL SECURITIES LTD
B02113,UNITED SECURITIES LTD
B02114,GUANHONG SECURITIES LTD
B02116,MOUETTE SECURITIES CO LTD
B02117,SAFE GOLD SECURITIES AND FUTURES LTD
B02118,PO TAI SECURITIES (HONG KONG) LTD
B02119,GAYANG SECURITIES LTD
B02120,LIVERMORE HOLDINGS LTD
B02121,SPRING SECURITIES LTD
B02122,YUAN TONG GLOBAL SECURITIES LTD
B02123,CHINA SOUTHERN INTERNATIONAL LTD
B02124,EXCEL PRECISE SECURITIES LTD
B02125,CHINA YINSHENG INTERNATIONAL SECURITIES
B02126,PFC INTERNATIONAL CO LTD
B02127,HK MONKEY SECURITIES LTD
B02128,SILVERBRICKS SECURITIES CO LTD
B02129,WAN LUNG SECURITIES LTD
B02130,GRANVILLE FINANCIAL SERVICES CO LTD
B02131,DIFFER FINANCIAL AND SECURITIES LTD
B02132,MONEX BOOM SECURITIES (H.K.) LTD
B02133,CHINA SECURITIES LTD
B02134,HOPE SECURITIES LTD
B02135,ZUNDIAO SECURITIES LTD
B02136,HS SECURITIES LTD
B02137,"VIIPARK FINANCIAL CO., LIMITED"
B02138,TIGER FAITH SECURITIES LTD
B02139,EXCALIBUR GLOBAL FINANCIAL GROUP LTD
B02140,JQ SECURITIES (HONG KONG) LTD
B02141,XIN YONGAN INTERNATIONAL SECURITIES
B02142,TIGER BROKERS (HK) GLOBAL LTD
B02143,YUANYIN SECURITIES LTD
B02144,YEW TREE LTD
B02145,CIF SECURITIES FUTURES LTD
B02146,GRAND RICH SECURITIES LTD
B02147,REGAN INTERNATIONAL SECURITIES LTD
B02148,NUZAR II SECURITIES INVESTMENT LTD
B02150,TARGET CAPITAL MANAGEMENT LTD
B02151,SOLITON SECURITIES LTD
B02152,PARCHMENT INVESTMENT LTD
B02153,WE SECURITIES LTD
B02154,MAGNUM RESEARCH LTD
B02155,ADEN FINANCIAL GROUP LTD
B02156,GREATER BAY SECURITIES LTD
B02157,OIL ASSETS SECURITIES LTD
B02158,DT SECURITIES & FUTURES CO. LTD
B02159,USMART SECURITIES LTD
B02160,SUNTEK FINANCIAL INVESTMENT CO LTD
B02161,EMPERIO SECURITIES AND ASSETS MANAGEMENT
B02162,GAMMA SECURITIES LTD
B02163,GOLDEN EAGLE BROKERAGE LTD
B02164,TUNG YAT SECURITIES LTD
B02165,EXCELLENT SUCCESS INVESTMENTS LTD
B02166,HTF SECURITIES LTD
B02167,SDG SECURITIES (HK) LTD
B02170,ZERO2IPO SECURITIES LTD
B02171,DL SECURITIES (HK) LTD
B02172,VENUS SKY INVESTMENT LTD
B02173,HONGKONG RICH & FORTUNE SECURITIES CO.
B02174,YONGHE SECURITIES (HONG KONG) LTD
B02175,WEBULL SECURITIES LTD
B02176,CHINA PA SECURITIES (HONG KONG) CO LTD
B02177,ZHESHANG INTERNATIONAL FINANCIAL
B02178,LEE GO SECURITIES LTD
B02179,YAW KAI FINANCIAL GROUP LTD
B02180,PLUTUS SECURITIES LTD
B02181,GRAND CAPITAL SECURITIES LTD
B02183,SPDB INTERNATIONAL SECURITIES LTD
B02184,DINGXIN (SECURITIES) LTD
B02185,KOREA INVESTMENT & SECURITIES ASIA LTD
B02186,MONT AVENIR CAPITAL LTD
B02188,HOMILY WORLDWIDE SECURITIES COMPANY LTD
B02190,LUMINEUX SECURITIES LTD
B02191,NH INVESTMENT & SECURITIES (H.K.) LTD
B02192,HUAFU INTERNATIONAL SECURITIES LTD
B02193,PATRONS SECURITIES LTD
B02194,HARMONIA CAPITAL LTD
B02195,LONG BRIDGE HK LTD
B02196,MIGHTY DIVINE SECURITIES LTD
B02197,YUNRUI SECURITIES LTD
B02198,CITRUS SECURITIES LTD
B02199,LU INTERNATIONAL (HONG KONG) LTD
B02200,NINTH ETERNITY CAPITAL HK LTD
B02201,YONXI SECURITIES LTD
B02202,JMC CAPITAL INTERNATIONAL LTD
B02203,VENTURE SMART ASIA LTD
B02204,VI ASSET MANAGEMENT COMPANY LTD
B02205,VICTORY SECURITIES (GLOBAL) LTD
B02206,ZHUORUI SECURITIES (HK) LTD
B02208,CN FIRST INTERNATIONAL FUTURES LTD
B02210,NOAH HOLDINGS (HONG KONG) LTD
B02211,UP WAY SECURITIES LTD
B02212,HUAAN SECURITIES (HONG KONG) BROKERAGE
B02213,CF INTERNATIONAL SECURITIES CO LTD
B80005,KOO & CO
B80007,PAUL SECURITIES CO
B80008,SHUN LOONG SECURITIES CO
B80015,ROSA SECURITIES CO
B80016,TAT MING HONG
B80017,CHONG & PARTNERS
B80020,HUNG YIEH CO
B80021,KWONG FAT HONG
B80029,WING SANG & CO
B80039,TAK ON SECURITIES CO
B80044,MING HON SECURITIES
B80045,CHEUNG YAN LUNG STOCK INVESTMENT CO
B80046,Y. C. FUNG & CO
B80048,TAI TAK SECURITIES CO
B80049,HARVESTER STOCK INVESTMENT CO
B80050,MING FUNG SHARES INVESTMENT CO
B80052,FU YIP SECURITIES & INVESTMENT CO
C00001,BANK OF CHINA
C00002,BANK OF COMMUNICATIONS TRUSTEE LTD
C00003,THE BANK OF EAST ASIA LTD
C00004,"MUFG BANK, LTD."
C00005,BARCLAYS BANK PLC
C00006,THE BANK OF BERMUDA LTD
C00007,THE CHASE MANHATTAN BANK
C00008,THE CHINA AND SOUTH SEA BANK LTD
C00009,THE CHINA STATE BANK LTD
C00010,CITIBANK N.A.
C00011,PUBLIC BANK (HONG KONG) LTD
C00012,DAH SING BANK LTD
C00013,DAIWA OVERSEAS FINANCE LTD
C00015,DBS BANK (HONG KONG) LTD
C00016,DBS BANK LTD
C00017,DEUTSCHE BANK CAPITAL MARKETS (ASIA) LTD
C00018,HANG SENG BANK LTD
C00019,THE HONGKONG AND SHANGHAI BANKING
C00020,HUA CHIAO COMMERCIAL BANK LTD
C00024,KINCHENG BANKING CORPORATION
C00025,KWANGTUNG PROVINCIAL BANK
C00026,CHONG HING BANK LTD
C00027,DEXIA TRUST SERVICES HONG KONG LTD
C00028,NANYANG COMMERCIAL BANK LTD
C00029,THE NATIONAL COMMERCIAL BANK LTD
C00030,THE NIKKO SECURITIES CO (ASIA) LTD
C00031,OVERSEAS TRUST BANK LTD
C00032,OVERSEAS UNION BANK LTD
C00033,BANK OF CHINA (HONG KONG) LTD
C00035,SCHRODERS ASIA LTD
C00036,CHINA CONSTRUCTION BANK (ASIA)
C00037,SHANGHAI COMMERCIAL BANK LTD
C00038,SIN HUA BANK LTD
C00039,STANDARD CHARTERED BANK (HONG KONG) LTD
C00040,INDUSTRIAL AND COMMERCIAL BANK OF CHINA
C00041,OCBC WING HANG BANK LTD
C00042,CMB WING LUNG BANK LTD
C00043,MEVAS BANK LTD
C00045,YIEN YIEH COMMERCIAL BANK LTD
C00047,BANGKOK BANK PUBLIC CO LTD
C00048,CHIYU BANKING CORPORATION LTD
C00050,DBS KWONG ON BANK LTD
C00051,PARIBAS
C00052,BELGIAN BANK
C00053,AMERICAN EXPRESS BANK LTD
C00054,BANK OF AMERICA NATIONAL TRUST AND
C00055,KBC BANK N.V.
C00056,THE GOVERNOR AND COMPANY OF THE BANK OF
C00057,UNITED OVERSEAS BANK LTD
C00058,CHINA CITIC BANK INTERNATIONAL LTD
C00059,IBJ ASIA LTD
C00060,THE ROYAL BANK OF SCOTLAND N.V.
C00061,FIRST PACIFIC BANK LTD
C00062,CREDIT AGRICOLE CORPORATE AND INVESTMENT
C00063,CHEMICAL BANK
C00064,BNP PARIBAS
C00065,HSBC PRIVATE BANK (SUISSE) SA
C00066,BANQUE WORMS
C00067,THE BANK OF NOVA SCOTIA
C00068,BANK AUSTRIA AG
C00069,UNITED CHINESE BANK LTD
C00070,OVERSEA-CHINESE BANKING CORPORATION LTD
C00071,ING BANK N.V.
C00072,LTCB ASIA LTD
C00073,YASUDA TRUST ASIA PACIFIC LTD
C00074,DEUTSCHE BANK AG
C00075,HSBC BANK USA
C00076,CHEKIANG FIRST BANK LTD
C00077,LLOYDS TSB BANK PLC
C00078,CREDIT COMMERCIAL DE FRANCE
C00080,TRADINGGURU.COM SECURITIES LTD
C00081,BOOM SECURITIES (H.K.) LTD
C00082,SCHRODER INVESTMENT MANAGEMENT
C00083,BANK CONSORTIUM TRUST CO LTD
C00085,STANDARD BANK ASIA LTD
C00086,BNP PARIBAS WEALTH MANAGEMENT
C00087,HUNG KAI FINANCE CO LTD
C00088,CHINA MERCHANTS BANK CO LTD
C00089,HONG KONG MONETARY AUTHORITY
C00090,KBC BANK N.V.
C00091,BANK OF SINGAPORE LTD
C00092,CTBC BANK CO LTD
C00093,BNP PARIBAS SECURITIES SERVICES
C00094,ING BANK N.V.
C00095,EFG BANK AG
C00096,CHINA CONSTRUCTION BANK CORPORATION
C00097,ABN AMRO BANK N.V.
C00098,BARCLAYS BANK PLC
C00099,"TAISHIN INTERNATIONAL BANK CO., LTD"
C00100,"JPMORGAN CHASE BANK, NATIONAL"
C00101,BANK OF EAST ASIA (TRUSTEES) LTD
C00102,MACQUARIE BANK LTD
C00103,"MIZUHO BANK, LTD."
C00104,SHANGHAI PUDONG DEVELOPMENT BANK CO.
C00105,AGRICULTURAL BANK OF CHINA LTD
C00106,GRAND MOORE CAPITAL LTD
C00107,"INDUSTRIAL BANK CO., LTD."
C00108,"CHINA MINSHENG BANKING CORP., LTD."
C00109,"BANK OF COMMUNICATIONS CO., LTD."
C00110,EAST WEST BANK
C99996,HONG KONG SECURITIES CLEARING COMPANY
C99997,HKFE CLEARING CORPORATION LIMITED
,HONG KONG SECURITIES CLEARING CO. LTD.
P00004,KREDIETBANK N V
P00006,SUN TAI CHEUNG CREDITS LTD
P00009,ALLIED BANKING CORPORATION (HONG KONG)
P00010,SOUTH CHINA FINANCE CO LTD
P00011,INTERNATIONALE NEDERLANDEN BANK N. V.
P00012,BII FINANCE CO LTD
P00013,CHOW TAI FOOK JEWELLERY CO LTD
P00014,HAITONG INTERNATIONAL FINANCE CO LTD
P00015,DELTA ASIA CREDIT LTD
P00017,CROSBY FINANCE (HK) LTD
P00018,SOLID CAPITAL HOLDINGS LTD
P00019,XPRESS CREDIT LTD
